{
    "point_mass": {
        "1": [
            6.099493670342755,
            418.9031059741974
        ],
        "1.5": [
            1.8747696316995026,
            364.94822931289673
        ],
        "2": [
            0.9230654815090421,
            304.23648405075073
        ],
        "2.5": [
            0.7487391188757612,
            275.8014669418335
        ],
        "3": [
            2.5160195255201163,
            284.1703951358795
        ],
        "3.5": [
            4.308090074065645,
            262.5213887691498
        ],
        "4": [
            9.780675917340947,
            281.28582978248596
        ],
        "4.5": [
            10.366853504258435,
            231.98801612854004
        ],
        "5": [
            24.627594089690696,
            239.09923887252808
        ]
    },
    "point_mass_srp": {
        "1": [
            0.43258911061480126,
            427.22055983543396
        ],
        "1.5": [
            0.1974304869160795,
            370.2760112285614
        ],
        "2": [
            0.08625908520428527,
            312.5080769062042
        ],
        "2.5": [
            0.09321623106205039,
            285.45557403564453
        ],
        "3": [
            0.23157419785810746,
            298.64599990844727
        ],
        "3.5": [
            0.4302184400069429,
            262.97373247146606
        ],
        "4": [
            0.8418177344467838,
            267.90875935554504
        ],
        "4.5": [
            0.8697649480305687,
            237.10099959373474
        ],
        "5": [
            2.6719102534392767,
            241.01633071899414
        ]
    },
    "spherical_harmonics": {
        "1": [
            6.022476723872688,
            1106.5791456699371
        ],
        "1.5": [
            1.9101921450110753,
            1018.6878905296326
        ],
        "2": [
            0.913000211536478,
            896.0826709270477
        ],
        "2.5": [
            0.7366424918087955,
            834.6297001838684
        ],
        "3": [
            2.710399982809485,
            861.54230260849
        ],
        "3.5": [
            4.222456796753445,
            779.9468185901642
        ],
        "4": [
            9.80206095699407,
            795.4987404346466
        ],
        "4.5": [
            10.087847412462978,
            723.212153673172
        ],
        "5": [
            24.676814615699662,
            742.1750733852386
        ]
    },
    "spherical_harmonics_srp": {
        "1": [
            0.47469231551794766,
            1120.3434882164001
        ],
        "1.5": [
            0.1743726644570397,
            1030.2374758720398
        ],
        "2": [
            0.09141442650810004,
            902.8569805622101
        ],
        "2.5": [
            0.07149375081518565,
            841.0781984329224
        ],
        "3": [
            0.2104953780064088,
            871.4050185680389
        ],
        "3.5": [
            0.31394425585427493,
            789.567862033844
        ],
        "4": [
            0.6933058510595228,
            803.0127635002136
        ],
        "4.5": [
            0.9485694558652384,
            729.622535943985
        ],
        "5": [
            2.2231198383235906,
            768.1847512722015
        ]
    }
}