{
  "point_mass": {
    "0.5": [
      34.449243599571844,
      34.05738992592366
    ],
    "1.5": [
      1.0840137342508855,
      0.9731043666596908
    ]
  }
}