{
   "point_mass": {
      "0.5": {
         "mean": 34.25331676274775,
         "std_dev": 0.19592683682409273
      },
      "1.5": {
         "mean": 1.0285590504552882,
         "std_dev": 0.05545468379559737
      }
   }
}