{
   "point_mass": {
      "0.2": {
         "mean": 78.92888773781215,
         "std_dev": 78.39901243346776
      },
      "0.5": {
         "mean": 71.10326022772274,
         "std_dev": 70.71407275529423
      },
      "0.8": {
         "mean": 70.25511765203854,
         "std_dev": 69.90071845330814
      },
      "1": {
         "mean": 70.37602520593869,
         "std_dev": 69.98417615285646
      },
      "1.2": {
         "mean": 77.00105234773967,
         "std_dev": 76.58662155477192
      }
   },
   "point_mass_srp": {
      "0.2": {
         "mean": 87.85727419801741,
         "std_dev": 87.81661400846453
      },
      "0.5": {
         "mean": 74.80029604556134,
         "std_dev": 74.76801421521135
      },
      "0.8": {
         "mean": 72.32881050468426,
         "std_dev": 72.29944772361776
      },
      "1": {
         "mean": 71.56278423308989,
         "std_dev": 71.53388377189974
      },
      "1.2": {
         "mean": 72.18731620515203,
         "std_dev": 72.14676234518672
      }
   },
   "spherical_harmonics": {
      "0.2": {
         "mean": 241.92504325520454,
         "std_dev": 241.40740331996025
      },
      "0.5": {
         "mean": 218.8774104653616,
         "std_dev": 218.4868599833231
      },
      "0.8": {
         "mean": 223.0813225991907,
         "std_dev": 222.72417719290826
      },
      "1": {
         "mean": 230.21043849406507,
         "std_dev": 229.82302879872054
      },
      "1.2": {
         "mean": 233.13835659501444,
         "std_dev": 232.71627482893575
      }
   },
   "spherical_harmonics_srp": {
      "0.2": {
         "mean": 246.04231678455562,
         "std_dev": 246.00023830920964
      },
      "0.5": {
         "mean": 232.2798905945351,
         "std_dev": 232.24692481989362
      },
      "0.8": {
         "mean": 246.66136475207674,
         "std_dev": 246.6317391812576
      },
      "1": {
         "mean": 254.7681294704078,
         "std_dev": 254.73133885616082
      },
      "1.2": {
         "mean": 252.51056458956793,
         "std_dev": 252.47288987629815
      }
   }
}