{
    "duration": 28,
    "arc_length": 1,
    "arc_interval": 3,
    "mission_start_epoch": 60390,
    "optimization_method": "Nelder-Mead",
    "max_iterations": 10,
    "bounds_values": [
        0.9,
        0.9
    ],
    "iteration": 8,
    "iteration_history": {
        "0": {
            "design_vector": [
                1.0,
                1.0,
                1.0,
                1.0,
                1.05,
                1.0,
                1.0
            ],
            "objective_value": 0.05123876840253818,
            "reduction": -1.5103395398682635
        },
        "1": {
            "design_vector": [
                1.0,
                1.0,
                1.0,
                1.0,
                1.05,
                1.0,
                1.0
            ],
            "objective_value": 0.05123876840253818,
            "reduction": -1.5103395398682635
        },
        "2": {
            "design_vector": [
                1.0,
                1.0,
                1.0,
                1.0,
                1.05,
                1.0,
                1.0
            ],
            "objective_value": 0.05123876840253818,
            "reduction": -1.5103395398682635
        },
        "3": {
            "design_vector": [
                1.0177113702623908,
                0.9889733444398168,
                0.9165243648479793,
                0.9749791753436066,
                1.0379529362765512,
                1.0379529362765512,
                1.0379529362765512
            ],
            "objective_value": 0.04097565345762582,
            "reduction": -21.2377986045879
        },
        "4": {
            "design_vector": [
                1.0177113702623908,
                0.9889733444398168,
                0.9165243648479793,
                0.9749791753436066,
                1.0379529362765512,
                1.0379529362765512,
                1.0379529362765512
            ],
            "objective_value": 0.04097565345762582,
            "reduction": -21.2377986045879
        },
        "5": {
            "design_vector": [
                1.0177113702623908,
                0.9889733444398168,
                0.9165243648479793,
                0.9749791753436066,
                1.0379529362765512,
                1.0379529362765512,
                1.0379529362765512
            ],
            "objective_value": 0.04097565345762582,
            "reduction": -21.2377986045879
        },
        "6": {
            "design_vector": [
                1.0177113702623908,
                0.9889733444398168,
                0.9165243648479793,
                0.9749791753436066,
                1.0379529362765512,
                1.0379529362765512,
                1.0379529362765512
            ],
            "objective_value": 0.04097565345762582,
            "reduction": -21.2377986045879
        },
        "7": {
            "design_vector": [
                1.0177113702623908,
                0.9889733444398168,
                0.9165243648479793,
                0.9749791753436066,
                1.0379529362765512,
                1.0379529362765512,
                1.0379529362765512
            ],
            "objective_value": 0.04097565345762582,
            "reduction": -21.2377986045879
        }
    },
    "initial_objective_value": 0.0520245152264277,
    "options": {
        "maxiter": 10,
        "disp": true
    },
    "best_objective_value": 0.04097565345762582,
    "latest_objective_value": 0.05162048098197991,
    "bounds": [
        [
            0.09999999999999998,
            1.9
        ],
        [
            0.09999999999999998,
            1.9
        ],
        [
            0.09999999999999998,
            1.9
        ],
        [
            0.09999999999999998,
            1.9
        ],
        [
            0.09999999999999998,
            1.9
        ],
        [
            0.09999999999999998,
            1.9
        ],
        [
            0.09999999999999998,
            1.9
        ]
    ],
    "initial_guess": [
        1,
        1,
        1,
        1,
        1,
        1,
        1
    ],
    "best_design_vector": [
        1.0177113702623908,
        0.9889733444398168,
        0.9165243648479793,
        0.9749791753436066,
        1.0379529362765512,
        1.0379529362765512,
        1.0379529362765512
    ],
    "objective_reduction": -21.2377986045879
}