{
    "duration": 28,
    "arc_length": 1,
    "arc_interval": 3,
    "mission_start_epoch": 60390,
    "optimization_method": "Nelder-Mead",
    "max_iterations": 30,
    "bounds_values": [
        0.9,
        0.9
    ],
    "iteration": 28,
    "iteration_history": {
        "0": {
            "design_vector": [
                0.8999999999999999,
                1.0214285714285714,
                1.0214285714285714,
                1.0214285714285714,
                1.0214285714285714,
                1.0214285714285714,
                1.0214285714285714
            ],
            "objective_value": 3092.509626200789,
            "reduction": -25.391066916335692
        },
        "1": {
            "design_vector": [
                0.8999999999999999,
                1.0214285714285714,
                1.0214285714285714,
                1.0214285714285714,
                1.0214285714285714,
                1.0214285714285714,
                1.0214285714285714
            ],
            "objective_value": 3092.509626200789,
            "reduction": -25.391066916335692
        },
        "2": {
            "design_vector": [
                0.8999999999999999,
                1.0214285714285714,
                1.0214285714285714,
                1.0214285714285714,
                1.0214285714285714,
                1.0214285714285714,
                1.0214285714285714
            ],
            "objective_value": 3092.509626200789,
            "reduction": -25.391066916335692
        },
        "3": {
            "design_vector": [
                0.8999999999999999,
                1.0214285714285714,
                1.0214285714285714,
                1.0214285714285714,
                1.0214285714285714,
                1.0214285714285714,
                1.0214285714285714
            ],
            "objective_value": 3092.509626200789,
            "reduction": -25.391066916335692
        },
        "4": {
            "design_vector": [
                0.8999999999999999,
                1.0214285714285714,
                1.0214285714285714,
                1.0214285714285714,
                1.0214285714285714,
                1.0214285714285714,
                1.0214285714285714
            ],
            "objective_value": 3092.509626200789,
            "reduction": -25.391066916335692
        },
        "5": {
            "design_vector": [
                0.8999999999999999,
                1.0214285714285714,
                1.0214285714285714,
                1.0214285714285714,
                1.0214285714285714,
                1.0214285714285714,
                1.0214285714285714
            ],
            "objective_value": 3092.509626200789,
            "reduction": -25.391066916335692
        },
        "6": {
            "design_vector": [
                0.8494275344456819,
                1.0445780001772826,
                1.0034522787516869,
                1.026585497053584,
                1.058572169273492,
                0.9861231896816554,
                1.1075517611102268
            ],
            "objective_value": 2543.479984806408,
            "reduction": -38.63678664787453
        },
        "7": {
            "design_vector": [
                0.8494275344456819,
                1.0445780001772826,
                1.0034522787516869,
                1.026585497053584,
                1.058572169273492,
                0.9861231896816554,
                1.1075517611102268
            ],
            "objective_value": 2543.479984806408,
            "reduction": -38.63678664787453
        },
        "8": {
            "design_vector": [
                0.8494275344456819,
                1.0445780001772826,
                1.0034522787516869,
                1.026585497053584,
                1.058572169273492,
                0.9861231896816554,
                1.1075517611102268
            ],
            "objective_value": 2543.479984806408,
            "reduction": -38.63678664787453
        },
        "9": {
            "design_vector": [
                0.761621874346945,
                1.0215565435256941,
                1.0805599419083975,
                0.9790669588895544,
                1.0546039982426905,
                1.048820693667217,
                1.1072963288192366
            ],
            "objective_value": 2036.5113468716684,
            "reduction": -50.867755587381914
        },
        "10": {
            "design_vector": [
                0.761621874346945,
                1.0215565435256941,
                1.0805599419083975,
                0.9790669588895544,
                1.0546039982426905,
                1.048820693667217,
                1.1072963288192366
            ],
            "objective_value": 2036.5113468716684,
            "reduction": -50.867755587381914
        },
        "11": {
            "design_vector": [
                0.6614426882305113,
                1.1248017704397602,
                1.0456909777982437,
                1.0329112797086593,
                1.0293787280832234,
                1.0187563319241892,
                1.12616055975443
            ],
            "objective_value": 1710.8142984648157,
            "reduction": -58.7254220871906
        },
        "12": {
            "design_vector": [
                0.6614426882305113,
                1.1248017704397602,
                1.0456909777982437,
                1.0329112797086593,
                1.0293787280832234,
                1.0187563319241892,
                1.12616055975443
            ],
            "objective_value": 1710.8142984648157,
            "reduction": -58.7254220871906
        },
        "13": {
            "design_vector": [
                0.5413492112714429,
                1.1007731687775624,
                1.0337079903068132,
                1.0224748734917228,
                1.1217995674479804,
                1.0393152829576255,
                1.2365883544825573
            ],
            "objective_value": 1378.7485281155941,
            "reduction": -66.73673840758543
        },
        "14": {
            "design_vector": [
                0.5413492112714429,
                1.1007731687775624,
                1.0337079903068132,
                1.0224748734917228,
                1.1217995674479804,
                1.0393152829576255,
                1.2365883544825573
            ],
            "objective_value": 1378.7485281155941,
            "reduction": -66.73673840758543
        },
        "15": {
            "design_vector": [
                0.5413492112714429,
                1.1007731687775624,
                1.0337079903068132,
                1.0224748734917228,
                1.1217995674479804,
                1.0393152829576255,
                1.2365883544825573
            ],
            "objective_value": 1378.7485281155941,
            "reduction": -66.73673840758543
        },
        "16": {
            "design_vector": [
                0.27719095216542344,
                1.1193230123399336,
                1.159484892854275,
                1.0212804340126045,
                1.1014193332341882,
                1.0884539977026058,
                1.2489953321956455
            ],
            "objective_value": 469.93875231560764,
            "reduction": -88.66240265579714
        },
        "17": {
            "design_vector": [
                0.27719095216542344,
                1.1193230123399336,
                1.159484892854275,
                1.0212804340126045,
                1.1014193332341882,
                1.0884539977026058,
                1.2489953321956455
            ],
            "objective_value": 469.93875231560764,
            "reduction": -88.66240265579714
        },