{
    "duration": 28,
    "arc_length": 1,
    "arc_interval": 3,
    "mission_start_epoch": 60390,
    "optimization_method": "Nelder-Mead",
    "max_iterations": 30,
    "bounds_values": [
        0.9,
        0.9
    ],
    "iteration": 29,
    "iteration_history": {
        "0": {
            "design_vector": [
                1.0,
                1.0,
                1.0,
                1.0,
                1.0,
                1.0,
                1.05
            ],
            "objective_value": 0.051160258511693174,
            "reduction": -1.7022193403606927
        },
        "1": {
            "design_vector": [
                1.0,
                1.0,
                1.0,
                1.0,
                1.0,
                1.0,
                1.05
            ],
            "objective_value": 0.051160258511693174,
            "reduction": -1.7022193403606927
        },
        "2": {
            "design_vector": [
                1.0,
                1.0,
                1.0,
                1.0,
                1.0,
                1.0,
                1.05
            ],
            "objective_value": 0.051160258511693174,
            "reduction": -1.7022193403606927
        },
        "3": {
            "design_vector": [
                1.0,
                1.0,
                1.0,
                1.0,
                1.0,
                1.0,
                1.05
            ],
            "objective_value": 0.051160258511693174,
            "reduction": -1.7022193403606927
        },
        "4": {
            "design_vector": [
                1.014509579341941,
                0.9991677574820015,
                0.9961690069613851,
                1.0015001189980364,
                1.009663384304159,
                1.009663384304159,
                1.009663384304159
            ],
            "objective_value": 0.04721574388465826,
            "reduction": -9.281091005530168
        },
        "5": {
            "design_vector": [
                1.014509579341941,
                0.9991677574820015,
                0.9961690069613851,
                1.0015001189980364,
                1.009663384304159,
                1.009663384304159,
                1.009663384304159
            ],
            "objective_value": 0.04721574388465826,
            "reduction": -9.281091005530168
        },
        "6": {
            "design_vector": [
                1.014509579341941,
                0.9991677574820015,
                0.9961690069613851,
                1.0015001189980364,
                1.009663384304159,
                1.009663384304159,
                1.009663384304159
            ],
            "objective_value": 0.04721574388465826,
            "reduction": -9.281091005530168
        },
        "7": {
            "design_vector": [
                1.014509579341941,
                0.9991677574820015,
                0.9961690069613851,
                1.0015001189980364,
                1.009663384304159,
                1.009663384304159,
                1.009663384304159
            ],
            "objective_value": 0.04721574388465826,
            "reduction": -9.281091005530168
        },
        "8": {
            "design_vector": [
                1.014509579341941,
                0.9991677574820015,
                0.9961690069613851,
                1.0015001189980364,
                1.009663384304159,
                1.009663384304159,
                1.009663384304159
            ],
            "objective_value": 0.04721574388465826,
            "reduction": -9.281091005530168
        },
        "9": {
            "design_vector": [
                1.014509579341941,
                0.9991677574820015,
                0.9961690069613851,
                1.0015001189980364,
                1.009663384304159,
                1.009663384304159,
                1.009663384304159
            ],
            "objective_value": 0.04721574388465826,
            "reduction": -9.281091005530168
        },
        "10": {
            "design_vector": [
                1.0074967169291706,
                0.9974248384723081,
                1.0186611005739836,
                0.9840256595587601,
                1.0105979211164444,
                1.0105979211164442,
                1.0105979211164444
            ],
            "objective_value": 0.0445795582687267,
            "reduction": -14.346178692561887
        },
        "11": {
            "design_vector": [
                1.0074967169291706,
                0.9974248384723081,
                1.0186611005739836,
                0.9840256595587601,
                1.0105979211164444,
                1.0105979211164442,
                1.0105979211164444
            ],
            "objective_value": 0.0445795582687267,
            "reduction": -14.346178692561887
        },
        "12": {
            "design_vector": [
                1.0074967169291706,
                0.9974248384723081,
                1.0186611005739836,
                0.9840256595587601,
                1.0105979211164444,
                1.0105979211164442,
                1.0105979211164444
            ],
            "objective_value": 0.0445795582687267,
            "reduction": -14.346178692561887
        },
        "13": {
            "design_vector": [
                1.0074967169291706,
                0.9974248384723081,
                1.0186611005739836,
                0.9840256595587601,
                1.0105979211164444,
                1.0105979211164442,
                1.0105979211164444
            ],
            "objective_value": 0.0445795582687267,
            "reduction": -14.346178692561887
        },
        "14": {
            "design_vector": [
                1.0074967169291706,
                0.9974248384723081,
                1.0186611005739836,
                0.9840256595587601,
                1.0105979211164444,
                1.0105979211164442,
                1.0105979211164444
            ],
            "objective_value": 0.0445795582687267,
            "reduction": -14.346178692561887
        },
        "15": {
            "design_vector": [
                1.0074967169291706,
                0.9974248384723081,
                1.0186611005739836,
                0.9840256595587601,
                1.0105979211164444,
                1.0105979211164442,
                1.0105979211164444
            ],
            "objective_value": 0.0445795582687267,
            "reduction": -14.346178692561887
        },
        "16": {
            "design_vector": [
                1.0088813542691626,
                1.010983065115739,
                1.0084644836134546,
                0.9936248018510496,
                1.0197981003737349,
                1.0128512343847786,
                0.9876552432308778
            ],
            "objective_value": 0.04440125138358687,
            "reduction": -14.688772174210774
        },
        "17": {
            "design_vector": [
                1.0088813542691626,
                1.010983065115739,
                1.0084644836134546,
                0.9936248018510496,
                1.0197981003737349,
                1.0128512343847786,
                0.9876552432308778
            ],
            "objective_value": 0.04440125138358687,
            "reduction": -14.688772174210774
        },
        "18": {
            "design_vector": [
                1.0088813542691626,
                1.010983065115739,
                1.0084644836134546,
                0.9936248018510496,
                1.0197981003737349,
                1.0128512343847786,
                0.9876552432308778
            ],
            "objective_value": 0.04440125138358687,
            "reduction": -14.688772174210774
        },