{
    "duration": 14,
    "arc_length": 1,
    "arc_interval": 3,
    "mission_start_epoch": 60390,
    "optimization_method": "Nelder-Mead",
    "max_iterations": 30,
    "bounds_values": [
        0.9,
        0.9
    ],
    "iteration": 29,
    "iteration_history": {
        "0": {
            "design_vector": [
                1.025,
                1.0083333333333333,
                1.0083333333333333
            ],
            "objective_value": 0.025822240433877514,
            "reduction": -2.606024929046595
        },
        "1": {
            "design_vector": [
                1.025,
                1.0583333333333336,
                0.9083333333333332
            ],
            "objective_value": 0.024164554012890797,
            "reduction": -8.858335621236783
        },
        "2": {
            "design_vector": [
                1.025,
                1.0583333333333336,
                0.9083333333333332
            ],
            "objective_value": 0.024164554012890797,
            "reduction": -8.858335621236783
        },
        "3": {
            "design_vector": [
                1.025,
                1.0583333333333336,
                0.9083333333333332
            ],
            "objective_value": 0.024164554012890797,
            "reduction": -8.858335621236783
        },
        "4": {
            "design_vector": [
                1.023148148148148,
                1.033641975308642,
                0.8780864197530864
            ],
            "objective_value": 0.022756388290054802,
            "reduction": -14.169526865731976
        },
        "5": {
            "design_vector": [
                1.023148148148148,
                1.033641975308642,
                0.8780864197530864
            ],
            "objective_value": 0.022756388290054802,
            "reduction": -14.169526865731976
        },
        "6": {
            "design_vector": [
                1.023148148148148,
                1.033641975308642,
                0.8780864197530864
            ],
            "objective_value": 0.022756388290054802,
            "reduction": -14.169526865731976
        },
        "7": {
            "design_vector": [
                1.023148148148148,
                1.033641975308642,
                0.8780864197530864
            ],
            "objective_value": 0.022756388290054802,
            "reduction": -14.169526865731976
        },
        "8": {
            "design_vector": [
                1.023148148148148,
                1.033641975308642,
                0.8780864197530864
            ],
            "objective_value": 0.022756388290054802,
            "reduction": -14.169526865731976
        },
        "9": {
            "design_vector": [
                1.023148148148148,
                1.033641975308642,
                0.8780864197530864
            ],
            "objective_value": 0.022756388290054802,
            "reduction": -14.169526865731976
        },
        "10": {
            "design_vector": [
                1.023148148148148,
                1.033641975308642,
                0.8780864197530864
            ],
            "objective_value": 0.022756388290054802,
            "reduction": -14.169526865731976
        },
        "11": {
            "design_vector": [
                1.023148148148148,
                1.033641975308642,
                0.8780864197530864
            ],
            "objective_value": 0.022756388290054802,
            "reduction": -14.169526865731976
        },
        "12": {
            "design_vector": [
                1.023148148148148,
                1.033641975308642,
                0.8780864197530864
            ],
            "objective_value": 0.022756388290054802,
            "reduction": -14.169526865731976
        },
        "13": {
            "design_vector": [
                1.023148148148148,
                1.033641975308642,
                0.8780864197530864
            ],
            "objective_value": 0.022756388290054802,
            "reduction": -14.169526865731976
        },
        "14": {
            "design_vector": [
                1.0235378007036526,
                1.0305886715905435,
                0.8794974697920374
            ],
            "objective_value": 0.022575885223091858,
            "reduction": -14.850331896923446
        },
        "15": {
            "design_vector": [
                1.0235378007036526,
                1.0305886715905435,
                0.8794974697920374
            ],
            "objective_value": 0.022575885223091858,
            "reduction": -14.850331896923446
        },
        "16": {
            "design_vector": [
                1.0235378007036526,
                1.0305886715905435,
                0.8794974697920374
            ],
            "objective_value": 0.022575885223091858,
            "reduction": -14.850331896923446
        },
        "17": {
            "design_vector": [
                1.0235378007036526,
                1.0305886715905435,
                0.8794974697920374
            ],
            "objective_value": 0.022575885223091858,
            "reduction": -14.850331896923446
        },
        "18": {
            "design_vector": [
                1.0235378007036526,
                1.0305886715905435,
                0.8794974697920374
            ],
            "objective_value": 0.022575885223091858,
            "reduction": -14.850331896923446
        },
        "19": {
            "design_vector": [
                1.0235378007036526,
                1.0305886715905435,
                0.8794974697920374
            ],
            "objective_value": 0.022575885223091858,
            "reduction": -14.850331896923446
        },
        "20": {
            "design_vector": [
                1.0235378007036526,
                1.0305886715905435,
                0.8794974697920374
            ],
            "objective_value": 0.022575885223091858,
            "reduction": -14.850331896923446
        },
        "21": {
            "design_vector": [
                1.0235378007036526,
                1.0305886715905435,
                0.8794974697920374
            ],
            "objective_value": 0.022575885223091858,
            "reduction": -14.850331896923446
        },
        "22": {
            "design_vector": [
                1.0235378007036526,
                1.0305886715905435,
                0.8794974697920374
            ],
            "objective_value": 0.022575885223091858,
            "reduction": -14.850331896923446
        },
        "23": {
            "design_vector": [
                1.0235378007036526,
                1.0305886715905435,
                0.8794974697920374
            ],
            "objective_value": 0.022575885223091858,
            "reduction": -14.850331896923446
        },
        "24": {
            "design_vector": [
                1.0235378007036526,
                1.0305886715905435,
                0.8794974697920374
            ],
            "objective_value": 0.022575885223091858,
            "reduction": -14.850331896923446
        },
        "25": {
            "design_vector": [
                1.0235378007036526,
                1.0305886715905435,
                0.8794974697920374
            ],
            "objective_value": 0.022575885223091858,
            "reduction": -14.850331896923446
        },
        "26": {
            "design_vector": [
                1.0235378007036526,
                1.0305886715905435,
                0.8794974697920374
            ],
            "objective_value": 0.022575885223091858,
            "reduction": -14.850331896923446
        },
        "27": {
            "design_vector": [
                1.0235378007036526,
                1.0305886715905435,
                0.8794974697920374
            ],
            "objective_value": 0.022575885223091858,
            "reduction": -14.850331896923446
        },