{
    "duration": 7,
    "arc_length": 1,
    "arc_interval": 3,
    "mission_start_epoch": 60390,
    "optimization_method": "Nelder-Mead",
    "max_iterations": 30,
    "bounds_values": [
        0.9,
        0.9
    ],
    "iteration": 9,
    "iteration_history": {
        "0": {
            "design_vector": [
                1.025
            ],
            "objective_value": 0.004542598397357154,
            "reduction": -5.7636821929497755
        },
        "1": {
            "design_vector": [
                1.025
            ],
            "objective_value": 0.004542598397357154,
            "reduction": -5.7636821929497755
        },
        "2": {
            "design_vector": [
                1.0187499999999998
            ],
            "objective_value": 0.0044524643787452476,
            "reduction": -7.633514672105295
        },
        "3": {
            "design_vector": [
                1.0187499999999998
            ],
            "objective_value": 0.0044524643787452476,
            "reduction": -7.633514672105295
        },
        "4": {
            "design_vector": [
                1.0187499999999998
            ],
            "objective_value": 0.0044524643787452476,
            "reduction": -7.633514672105295
        },
        "5": {
            "design_vector": [
                1.0195312499999998
            ],
            "objective_value": 0.004394205951397615,
            "reduction": -8.84208721016292
        },
        "6": {
            "design_vector": [
                1.0195312499999998
            ],
            "objective_value": 0.004394205951397615,
            "reduction": -8.84208721016292
        },
        "7": {
            "design_vector": [
                1.0195312499999998
            ],
            "objective_value": 0.004394205951397615,
            "reduction": -8.84208721016292
        },
        "8": {
            "design_vector": [
                1.0195312499999998
            ],
            "objective_value": 0.004394205951397615,
            "reduction": -8.84208721016292
        }
    },
    "intermediate_iteration_history": {
        "0": {
            "0": {
                "design_vector": [
                    1.0
                ],
                "objective_value": 0.004820432825758503,
                "reduction": 0.0
            },
            "1": {
                "design_vector": [
                    1.05
                ],
                "objective_value": 0.005572255688287237,
                "reduction": 15.596584159648232
            },
            "2": {
                "design_vector": [
                    0.95
                ],
                "objective_value": 0.01778009940570463,
                "reduction": 268.84860858748516
            },
            "3": {
                "design_vector": [
                    1.025
                ],
                "objective_value": 0.004542598397357154,
                "reduction": -5.7636821929497755
            }
        },
        "1": {
            "0": {
                "design_vector": [
                    1.0499999999999998
                ],
                "objective_value": 0.005772725377505372,
                "reduction": 19.755332895797057
            },
            "1": {
                "design_vector": [
                    1.0125
                ],
                "objective_value": 0.004606346396761243,
                "reduction": -4.441228344750831
            }
        },
        "2": {
            "0": {
                "design_vector": [
                    1.0374999999999999
                ],
                "objective_value": 0.00493274870356123,
                "reduction": 2.329995705002986
            },
            "1": {
                "design_vector": [
                    1.0187499999999998
                ],
                "objective_value": 0.0044524643787452476,
                "reduction": -7.633514672105295
            }
        },
        "3": {
            "0": {
                "design_vector": [
                    1.0124999999999997
                ],
                "objective_value": 0.004615076117133705,
                "reduction": -4.260130076441524
            },
            "1": {
                "design_vector": [
                    1.0218749999999999
                ],
                "objective_value": 0.004469038581806747,
                "reduction": -7.289682413455551
            }
        },
        "4": {
            "0": {
                "design_vector": [
                    1.0156249999999998
                ],
                "objective_value": 0.004583082557885011,
                "reduction": -4.923837266338092
            },
            "1": {
                "design_vector": [
                    1.0203124999999997
                ],
                "objective_value": 0.004467841146957181,
                "reduction": -7.314523229474543
            }
        },
        "5": {
            "0": {
                "design_vector": [
                    1.0171875
                ],
                "objective_value": 0.004609058032616485,
                "reduction": -4.384975390851079
            },
            "1": {
                "design_vector": [
                    1.0195312499999998
                ],
                "objective_value": 0.004394205951397615,
                "reduction": -8.84208721016292
            }
        },
        "6": {
            "0": {
                "design_vector": [
                    1.0203124999999997
                ],
                "objective_value": 0.004638403209982687,
                "reduction": -3.7762089496013944
            },
            "1": {
                "design_vector": [
                    1.019140625
                ],
                "objective_value": 0.004584626219280241,
                "reduction": -4.89181397193637
            },
            "2": {
                "design_vector": [
                    1.019140625
                ],
                "objective_value": 0.004610982194242335,
                "reduction": -4.345058609611679
            }
        },
        "7": {
            "0": {
                "design_vector": [
                    1.0199218749999996
                ],
                "objective_value": 0.004559165921883431,
                "reduction": -5.4199884806809
            },
            "1": {
                "design_vector": [
                    1.0197265624999996
                ],
                "objective_value": 0.004542851992071845,
                "reduction": -5.758421364226347
            }
        },
        "8": {
            "0": {
                "design_vector": [
                    1.0193359375
                ],
                "objective_value": 0.0045865805455717135,
                "reduction": -4.8512714239512755
            },
            "1": {
                "design_vector": [
                    1.0196289062499997
                ],
                "objective_value": 0.004658070311331786,
                "reduction": -3.3682144383200407
            },
            "2": {
                "design_vector": [
                    1.0196289062499997
                ],
                "objective_value": 0.004509048518874155,
                "reduction": -6.459675264437497
            }
        },
        "9": {
            "0": {
                "design_vector": [
                    1.0194335937499999
                ],
                "objective_value": 0.004559495147033932,
                "reduction": -5.413158696667693
            }
        }
    },
    "initial_objective_value": 0.004820432825758503,
    "options": {
        "maxiter": 30,
        "disp": true
    },
    "best_objective_value": 0.004394205951397615,
    "latest_objective_value": 0.004559495147033932,
    "run_counter": 0,
    "bounds": [
        [
            0.09999999999999998,
            1.9
        ]
    ],
    "initial_guess": [
        1
    ],