{
    "duration": 8,
    "arc_length": 1,
    "arc_interval": 3,
    "mission_start_epoch": 60390,
    "optimization_method": "Nelder-Mead",
    "max_iterations": 30,
    "bounds_values": [
        0.9,
        0.9
    ],
    "iteration": 0,
    "iteration_history": {},
    "intermediate_iteration_history": {
        "0": {
            "0": {
                "design_vector": [
                    1.0,
                    1.0
                ],
                "objective_value": 0.3849375479758673,
                "reduction": 0.0
            },
            "1": {
                "design_vector": [
                    1.05,
                    1.0
                ],
                "objective_value": 0.40343943544674865,
                "reduction": 4.806464728673665
            },
            "2": {
                "design_vector": [
                    1.0,
                    1.05
                ],
                "objective_value": 0.38572998830881716,
                "reduction": 0.20586205142022668
            }
        }
    },
    "initial_objective_value": 0.3849375479758673,
    "options": {
        "maxiter": 30,
        "disp": true
    },
    "best_objective_value": 0.3849375479758673,
    "latest_objective_value": 0.38572998830881716,
    "run_counter": 2,
    "bounds": [
        [
            0.09999999999999998,
            1.9
        ],
        [
            0.09999999999999998,
            1.9
        ]
    ],
    "initial_guess": [
        1,
        1
    ],
    "best_design_vector": [
        1.0,
        1.0
    ]
}