{
    "duration": 28,
    "arc_length": 1,
    "arc_interval": 3,
    "mission_start_epoch": 60390,
    "optimization_method": "Nelder-Mead",
    "max_iterations": 30,
    "bounds_values": [
        0.9,
        0.9
    ],
    "iteration": 0,
    "iteration_history": {},
    "intermediate_iteration_history": {
        "0": {
            "0": {
                "design_vector": [
                    1.0,
                    1.0,
                    1.0,
                    1.0,
                    1.0,
                    1.0,
                    1.0
                ],
                "objective_value": NaN,
                "reduction": NaN
            }
        }
    },
    "initial_objective_value": NaN,
    "options": {
        "maxiter": 30,
        "disp": true
    },
    "best_objective_value": NaN,
    "latest_objective_value": NaN,
    "run_counter": 0,
    "bounds": [
        [
            0.09999999999999998,
            1.9
        ],
        [
            0.09999999999999998,
            1.9
        ],
        [
            0.09999999999999998,
            1.9
        ],
        [
            0.09999999999999998,
            1.9
        ],
        [
            0.09999999999999998,
            1.9
        ],
        [
            0.09999999999999998,
            1.9
        ],
        [
            0.09999999999999998,
            1.9
        ]
    ],
    "initial_guess": [
        1,
        1,
        1,
        1,
        1,
        1,
        1
    ],
    "best_design_vector": [
        1.0,
        1.0,
        1.0,
        1.0,
        1.0,
        1.0,
        1.0
    ]
}