{
    "duration": 14,
    "arc_length": 1,
    "arc_interval": 3,
    "mission_start_epoch": 60390,
    "optimization_method": "Nelder-Mead",
    "max_iterations": 30,
    "bounds_values": [
        0.9,
        0.9
    ],
    "iteration": 13,
    "iteration_history": {
        "0": {
            "design_vector": [
                1.0,
                1.0,
                1.0
            ],
            "objective_value": 0.263355575714032,
            "reduction": 0.0
        },
        "1": {
            "design_vector": [
                0.9333333333333331,
                0.9500000000000002,
                1.083333333333333
            ],
            "objective_value": 0.24916131309438214,
            "reduction": -5.3897710656648075
        },
        "2": {
            "design_vector": [
                0.9333333333333331,
                0.9500000000000002,
                1.083333333333333
            ],
            "objective_value": 0.24916131309438214,
            "reduction": -5.3897710656648075
        },
        "3": {
            "design_vector": [
                0.9074074074074072,
                0.9722222222222225,
                1.0407407407407407
            ],
            "objective_value": 0.24914637224695882,
            "reduction": -5.395444326002208
        },
        "4": {
            "design_vector": [
                0.9074074074074072,
                0.9722222222222225,
                1.0407407407407407
            ],
            "objective_value": 0.24914637224695882,
            "reduction": -5.395444326002208
        },
        "5": {
            "design_vector": [
                0.9074074074074072,
                0.9722222222222225,
                1.0407407407407407
            ],
            "objective_value": 0.24914637224695882,
            "reduction": -5.395444326002208
        },
        "6": {
            "design_vector": [
                0.9074074074074072,
                0.9722222222222225,
                1.0407407407407407
            ],
            "objective_value": 0.24914637224695882,
            "reduction": -5.395444326002208
        },
        "7": {
            "design_vector": [
                0.9234139231824415,
                0.9526491769547327,
                1.0615312071330587
            ],
            "objective_value": 0.2490820906603718,
            "reduction": -5.419852993414221
        },
        "8": {
            "design_vector": [
                0.9393447073616825,
                0.953990912208505,
                1.0503272176497482
            ],
            "objective_value": 0.24821600110022107,
            "reduction": -5.748719985427775
        },
        "9": {
            "design_vector": [
                0.9393447073616825,
                0.953990912208505,
                1.0503272176497482
            ],
            "objective_value": 0.24821600110022107,
            "reduction": -5.748719985427775
        },
        "10": {
            "design_vector": [
                0.9433943631560231,
                0.9450321978356961,
                1.046097838236041
            ],
            "objective_value": 0.24808725315663552,
            "reduction": -5.7976074803048
        },
        "11": {
            "design_vector": [
                0.9433943631560231,
                0.9450321978356961,
                1.046097838236041
            ],
            "objective_value": 0.24808725315663552,
            "reduction": -5.7976074803048
        },
        "12": {
            "design_vector": [
                0.9433943631560231,
                0.9450321978356961,
                1.046097838236041
            ],
            "objective_value": 0.24808725315663552,
            "reduction": -5.7976074803048
        }
    },
    "intermediate_iteration_history": {
        "0": {
            "0": {
                "design_vector": [
                    1.0,
                    1.0,
                    1.0
                ],
                "objective_value": 0.263355575714032,
                "reduction": 0.0
            },
            "1": {
                "design_vector": [
                    1.05,
                    1.0,
                    1.0
                ],
                "objective_value": 0.27262346927544734,
                "reduction": 3.519156006584417
            },
            "2": {
                "design_vector": [
                    1.0,
                    1.05,
                    1.0
                ],
                "objective_value": 0.2728729987836227,
                "reduction": 3.6139060446266407
            },
            "3": {
                "design_vector": [
                    1.0,
                    1.0,
                    1.05
                ],
                "objective_value": 0.26728002411387114,
                "reduction": 1.4901709937975807
            },
            "4": {
                "design_vector": [
                    1.0333333333333332,
                    0.95,
                    1.0333333333333332
                ],
                "objective_value": 0.2659592727133421,
                "reduction": 0.9886621888489368
            }
        },
        "1": {
            "0": {
                "design_vector": [
                    0.9722222222222221,
                    0.9666666666666668,
                    1.0555555555555554
                ],
                "objective_value": 0.2508015650003651,
                "reduction": -4.766943202029958
            },
            "1": {
                "design_vector": [
                    0.9333333333333331,
                    0.9500000000000002,
                    1.083333333333333
                ],
                "objective_value": 0.24916131309438214,
                "reduction": -5.3897710656648075
            }
        },
        "2": {
            "0": {
                "design_vector": [
                    0.9777777777777776,
                    0.9333333333333336,
                    1.0277777777777775
                ],
                "objective_value": 0.2585887487340323,
                "reduction": -1.8100345766652055
            }
        },
        "3": {
            "0": {
                "design_vector": [
                    0.9074074074074072,
                    0.9722222222222225,
                    1.0407407407407407
                ],
                "objective_value": 0.24914637224695882,
                "reduction": -5.395444326002208
            },
            "1": {
                "design_vector": [
                    0.8444444444444441,
                    0.9833333333333338,
                    1.0444444444444443
                ],
                "objective_value": 0.2866659453747102,
                "reduction": 8.851291489643659
            }
        },
        "4": {
            "0": {
                "design_vector": [
                    0.879012345679012,
                    0.9037037037037041,
                    1.1012345679012339
                ],
                "objective_value": 0.2676280573748536,
                "reduction": 1.6223243609852191
            },
            "1": {
                "design_vector": [
                    0.969753086419753,
                    0.9759259259259261,
                    1.0253086419753084
                ],
                "objective_value": 0.2513154166768055,
                "reduction": -4.571826134526368
            }
        },
        "5": {
            "0": {
                "design_vector": [
                    0.895884773662551,
                    0.9987654320987656,
                    1.0718106995884773
                ],
                "objective_value": 0.2611022085380731,
                "reduction": -0.8556367830259145
            },
            "1": {
                "design_vector": [
                    0.957304526748971,
                    0.9496913580246915,
                    1.0387860082304523
                ],