{
    "duration": 14,
    "arc_length": 1,
    "arc_interval": 3,
    "mission_start_epoch": 60390,
    "optimization_method": "Nelder-Mead",
    "max_iterations": 30,
    "bounds_values": [
        0.9,
        0.9
    ],
    "iteration": 14,
    "iteration_history": {
        "0": {
            "design_vector": [
                0.95,
                1.0333333333333332,
                1.0333333333333332
            ],
            "objective_value": 0.2513840454605244,
            "reduction": -5.820706806353511
        },
        "1": {
            "design_vector": [
                0.95,
                1.0333333333333332,
                1.0333333333333332
            ],
            "objective_value": 0.2513840454605244,
            "reduction": -5.820706806353511
        },
        "2": {
            "design_vector": [
                0.95,
                1.0333333333333332,
                1.0333333333333332
            ],
            "objective_value": 0.2513840454605244,
            "reduction": -5.820706806353511
        },
        "3": {
            "design_vector": [
                0.95,
                1.0333333333333332,
                1.0333333333333332
            ],
            "objective_value": 0.2513840454605244,
            "reduction": -5.820706806353511
        },
        "4": {
            "design_vector": [
                0.95,
                1.0333333333333332,
                1.0333333333333332
            ],
            "objective_value": 0.2513840454605244,
            "reduction": -5.820706806353511
        },
        "5": {
            "design_vector": [
                0.9188271604938274,
                0.9797325102880663,
                1.1260288065843613
            ],
            "objective_value": 0.25012855491712044,
            "reduction": -6.291067651141728
        },
        "6": {
            "design_vector": [
                0.9188271604938274,
                0.9797325102880663,
                1.1260288065843613
            ],
            "objective_value": 0.25012855491712044,
            "reduction": -6.291067651141728
        },
        "7": {
            "design_vector": [
                0.9129629629629632,
                1.0117283950617284,
                1.0895061728395055
            ],
            "objective_value": 0.24994298314459037,
            "reduction": -6.360590831666396
        },
        "8": {
            "design_vector": [
                0.9669753086419752,
                0.8828189300411533,
                1.1180041152263378
            ],
            "objective_value": 0.24783415048076937,
            "reduction": -7.150650397214779
        },
        "9": {
            "design_vector": [
                0.9669753086419752,
                0.8828189300411533,
                1.1180041152263378
            ],
            "objective_value": 0.24783415048076937,
            "reduction": -7.150650397214779
        },
        "10": {
            "design_vector": [
                0.9669753086419752,
                0.8828189300411533,
                1.1180041152263378
            ],
            "objective_value": 0.24783415048076937,
            "reduction": -7.150650397214779
        },
        "11": {
            "design_vector": [
                0.9722679469593052,
                0.7466316110349054,
                1.207399786617894
            ],
            "objective_value": 0.24630014039190934,
            "reduction": -7.7253566625073695
        },
        "12": {
            "design_vector": [
                0.9722679469593052,
                0.7466316110349054,
                1.207399786617894
            ],
            "objective_value": 0.24630014039190934,
            "reduction": -7.7253566625073695
        },
        "13": {
            "design_vector": [
                0.9722679469593052,
                0.7466316110349054,
                1.207399786617894
            ],
            "objective_value": 0.24630014039190934,
            "reduction": -7.7253566625073695
        }
    },
    "intermediate_iteration_history": {
        "0": {
            "0": {
                "design_vector": [
                    1.0,
                    1.0,
                    1.0
                ],
                "objective_value": 0.2669207178521098,
                "reduction": 0.0
            },
            "1": {
                "design_vector": [
                    1.05,
                    1.0,
                    1.0
                ],
                "objective_value": 0.2713722862626462,
                "reduction": 1.6677493026235743
            },
            "2": {
                "design_vector": [
                    1.0,
                    1.05,
                    1.0
                ],
                "objective_value": 0.2656596746029049,
                "reduction": -0.47244112759489515
            },
            "3": {
                "design_vector": [
                    1.0,
                    1.0,
                    1.05
                ],
                "objective_value": 0.26577143879071286,
                "reduction": -0.43056944797882496
            },
            "4": {
                "design_vector": [
                    0.95,
                    1.0333333333333332,
                    1.0333333333333332
                ],
                "objective_value": 0.2513840454605244,
                "reduction": -5.820706806353511
            },
            "5": {
                "design_vector": [
                    0.8999999999999999,
                    1.0499999999999998,
                    1.0499999999999998
                ],
                "objective_value": 0.2640232613715659,
                "reduction": -1.0855120216442955
            }
        },
        "1": {
            "0": {
                "design_vector": [
                    0.9666666666666668,
                    1.0555555555555554,
                    1.0555555555555554
                ],
                "objective_value": 0.2552362742348107,
                "reduction": -4.377495951353231
            }
        },
        "2": {
            "0": {
                "design_vector": [
                    0.9444444444444446,
                    1.0925925925925921,
                    1.0092592592592589
                ],
                "objective_value": 0.2545767496460619,
                "reduction": -4.624582274983686
            }
        },
        "3": {
            "0": {
                "design_vector": [
                    0.9074074074074077,
                    1.070987654320987,
                    1.0654320987654313
                ],
                "objective_value": 0.25275057112068866,
                "reduction": -5.308747423372456
            }
        },
        "4": {
            "0": {
                "design_vector": [
                    0.9012345679012348,
                    1.075720164609053,
                    1.0164609053497937
                ],
                "objective_value": 0.26500518075838075,
                "reduction": -0.7176427177115455
            },
            "1": {
                "design_vector": [
                    0.9503086419753088,
                    1.0605967078189298,
                    1.045781893004115
                ],
                "objective_value": 0.25349384872780517,
                "reduction": -5.030283610934962
            }
        },
        "5": {
            "0": {
                "design_vector": [
                    0.9273662551440331,
                    1.0173525377229082,
                    1.0871056241426607
                ],
                "objective_value": 0.250815731363028,
                "reduction": -6.0336217505622605
            },
            "1": {
                "design_vector": [
                    0.9188271604938274,
                    0.9797325102880663,
                    1.1260288065843613
                ],