{
    "duration": 14,
    "arc_length": 1,
    "arc_interval": 3,
    "mission_start_epoch": 60390,
    "optimization_method": "Nelder-Mead",
    "max_iterations": 30,
    "bounds_values": [
        0.9,
        0.9
    ],
    "iteration": 6,
    "iteration_history": {
        "0": {
            "design_vector": [
                1.0,
                1.05,
                1.0
            ],
            "objective_value": 0.10704123759806924,
            "reduction": -2.6428075149648294
        },
        "1": {
            "design_vector": [
                0.9666666666666668,
                1.0555555555555554,
                1.0555555555555554
            ],
            "objective_value": 0.10277110409137485,
            "reduction": -6.52662107202653
        },
        "2": {
            "design_vector": [
                0.9666666666666668,
                1.0555555555555554,
                1.0555555555555554
            ],
            "objective_value": 0.10277110409137485,
            "reduction": -6.52662107202653
        },
        "3": {
            "design_vector": [
                1.0111111111111115,
                1.1314814814814809,
                0.9981481481481476
            ],
            "objective_value": 0.1024106185286355,
            "reduction": -6.854493423909017
        },
        "4": {
            "design_vector": [
                1.0111111111111115,
                1.1314814814814809,
                0.9981481481481476
            ],
            "objective_value": 0.1024106185286355,
            "reduction": -6.854493423909017
        },
        "5": {
            "design_vector": [
                1.0111111111111115,
                1.1314814814814809,
                0.9981481481481476
            ],
            "objective_value": 0.1024106185286355,
            "reduction": -6.854493423909017
        }
    },
    "intermediate_iteration_history": {
        "0": {
            "0": {
                "design_vector": [
                    1.0,
                    1.0,
                    1.0
                ],
                "objective_value": 0.10994692314542925,
                "reduction": 0.0
            },
            "1": {
                "design_vector": [
                    1.05,
                    1.0,
                    1.0
                ],
                "objective_value": 0.11048365886306444,
                "reduction": 0.4881771151751392
            },
            "2": {
                "design_vector": [
                    1.0,
                    1.05,
                    1.0
                ],
                "objective_value": 0.10704123759806924,
                "reduction": -2.6428075149648294
            },
            "3": {
                "design_vector": [
                    1.0,
                    1.0,
                    1.05
                ],
                "objective_value": 0.1084489164764596,
                "reduction": -1.362481664892256
            },
            "4": {
                "design_vector": [
                    0.95,
                    1.0333333333333332,
                    1.0333333333333332
                ],
                "objective_value": 0.10736301914472664,
                "reduction": -2.350137618025771
            }
        },
        "1": {
            "0": {
                "design_vector": [
                    0.9666666666666668,
                    1.0555555555555554,
                    1.0555555555555554
                ],
                "objective_value": 0.10277110409137485,
                "reduction": -6.52662107202653
            },
            "1": {
                "design_vector": [
                    0.9500000000000002,
                    1.083333333333333,
                    1.083333333333333
                ],
                "objective_value": 0.10717353836342275,
                "reduction": -2.5224760299459104
            }
        },
        "2": {
            "0": {
                "design_vector": [
                    0.9444444444444446,
                    1.0925925925925921,
                    1.0092592592592589
                ],
                "objective_value": 0.10711042906296767,
                "reduction": -2.5798758176340177
            }
        },
        "3": {
            "0": {
                "design_vector": [
                    0.9907407407407409,
                    1.098765432098765,
                    1.009876543209876
                ],
                "objective_value": 0.10266010315147052,
                "reduction": -6.6275797316495115
            },
            "1": {
                "design_vector": [
                    1.0111111111111115,
                    1.1314814814814809,
                    0.9981481481481476
                ],
                "objective_value": 0.1024106185286355,
                "reduction": -6.854493423909017
            }
        },
        "4": {
            "0": {
                "design_vector": [
                    1.040740740740741,
                    1.0654320987654322,
                    1.0265432098765432
                ],
                "objective_value": 0.10550007875023278,
                "reduction": -4.0445373712864505
            }
        },
        "5": {
            "0": {
                "design_vector": [
                    1.0123456790123462,
                    1.1183127572016456,
                    1.0534979423868305
                ],
                "objective_value": 0.10391884890112352,
                "reduction": -5.482712996281185
            }
        },
        "6": {
            "0": {
                "design_vector": [
                    0.952674897119342,
                    1.138134430727022,
                    1.0449245541838124
                ],
                "objective_value": 0.10789717787906278,
                "reduction": -1.864304345884452
            },
            "1": {
                "design_vector": [
                    1.0187242798353913,
                    1.0836076817558298,
                    1.0311385459533606
                ],
                "objective_value": 0.10563401815267645,
                "reduction": -3.9227154970476317
            },
            "2": {
                "design_vector": [
                    0.9888888888888892,
                    1.0935185185185181,
                    1.0268518518518515
                ],
                "objective_value": 0.10281851249315982,
                "reduction": -6.483501719134538
            }
        }
    },
    "initial_objective_value": 0.10994692314542925,
    "options": {
        "maxiter": 30,
        "disp": true
    },
    "best_objective_value": 0.1024106185286355,
    "latest_objective_value": 0.10281851249315982,
    "run_counter": 2,
    "bounds": [
        [
            0.09999999999999998,
            1.9
        ],
        [
            0.09999999999999998,
            1.9
        ],
        [
            0.09999999999999998,
            1.9
        ]
    ],
    "initial_guess": [
        1,
        1,
        1
    ],
    "best_design_vector": [
        1.0111111111111115,
        1.1314814814814809,
        0.9981481481481476
    ]
}