{
    "duration": 28,
    "arc_length": 1,
    "arc_interval": 3,
    "mission_start_epoch": 60390,
    "optimization_method": "Nelder-Mead",
    "max_iterations": 30,
    "bounds_values": [
        0.9,
        0.9
    ],
    "iteration": 5,
    "iteration_history": {
        "0": {
            "design_vector": [
                1.025,
                1.0035714285714286,
                1.0035714285714286,
                1.0035714285714286,
                1.0035714285714286,
                1.0035714285714286,
                1.0035714285714286
            ],
            "objective_value": 0.06559553531262095,
            "reduction": -0.8326609217591932
        },
        "1": {
            "design_vector": [
                1.0071428571428571,
                1.0153061224489792,
                1.0153061224489792,
                0.9510204081632649,
                1.0153061224489797,
                1.0153061224489797,
                1.0153061224489792
            ],
            "objective_value": 0.06551439232643914,
            "reduction": -0.9553328991454991
        },
        "2": {
            "design_vector": [
                1.0071428571428571,
                1.0153061224489792,
                1.0153061224489792,
                0.9510204081632649,
                1.0153061224489797,
                1.0153061224489797,
                1.0153061224489792
            ],
            "objective_value": 0.06551439232643914,
            "reduction": -0.9553328991454991
        },
        "3": {
            "design_vector": [
                1.0177113702623903,
                0.9165243648479793,
                0.9889733444398163,
                0.9749791753436066,
                1.0379529362765512,
                1.0379529362765512,
                1.0379529362765512
            ],
            "objective_value": 0.05929281641011152,
            "reduction": -10.361112203408124
        },
        "4": {
            "design_vector": [
                1.0177113702623903,
                0.9165243648479793,
                0.9889733444398163,
                0.9749791753436066,
                1.0379529362765512,
                1.0379529362765512,
                1.0379529362765512
            ],
            "objective_value": 0.05929281641011152,
            "reduction": -10.361112203408124
        }
    },
    "intermediate_iteration_history": {
        "0": {
            "0": {
                "design_vector": [
                    1.0,
                    1.0,
                    1.0,
                    1.0,
                    1.0,
                    1.0,
                    1.0
                ],
                "objective_value": 0.06614630978538967,
                "reduction": 0.0
            },
            "1": {
                "design_vector": [
                    1.05,
                    1.0,
                    1.0,
                    1.0,
                    1.0,
                    1.0,
                    1.0
                ],
                "objective_value": 0.07452939125868195,
                "reduction": 12.673543695016418
            },
            "2": {
                "design_vector": [
                    1.0,
                    1.05,
                    1.0,
                    1.0,
                    1.0,
                    1.0,
                    1.0
                ],
                "objective_value": 0.07123986443002951,
                "reduction": 7.700436594521711
            },
            "3": {
                "design_vector": [
                    1.0,
                    1.0,
                    1.05,
                    1.0,
                    1.0,
                    1.0,
                    1.0
                ],
                "objective_value": 0.07163866331629898,
                "reduction": 8.303340804240078
            },
            "4": {
                "design_vector": [
                    1.0,
                    1.0,
                    1.0,
                    1.05,
                    1.0,
                    1.0,
                    1.0
                ],
                "objective_value": 0.07222467587526384,
                "reduction": 9.189274669434013
            },
            "5": {
                "design_vector": [
                    1.0,
                    1.0,
                    1.0,
                    1.0,
                    1.05,
                    1.0,
                    1.0
                ],
                "objective_value": 0.06691364461544612,
                "reduction": 1.1600568989351796
            },
            "6": {
                "design_vector": [
                    1.0,
                    1.0,
                    1.0,
                    1.0,
                    1.0,
                    1.05,
                    1.0
                ],
                "objective_value": 0.0669283659755671,
                "reduction": 1.182312653139378
            },
            "7": {
                "design_vector": [
                    1.0,
                    1.0,
                    1.0,
                    1.0,
                    1.0,
                    1.0,
                    1.05
                ],
                "objective_value": 0.06697444825482683,
                "reduction": 1.2519798491012422
            },
            "8": {
                "design_vector": [
                    0.95,
                    1.0142857142857142,
                    1.0142857142857142,
                    1.0142857142857142,
                    1.0142857142857142,
                    1.0142857142857142,
                    1.0142857142857142
                ],
                "objective_value": 0.07907485346431785,
                "reduction": 19.545374066784028
            },
            "9": {
                "design_vector": [
                    1.025,
                    1.0035714285714286,
                    1.0035714285714286,
                    1.0035714285714286,
                    1.0035714285714286,
                    1.0035714285714286,
                    1.0035714285714286
                ],
                "objective_value": 0.06559553531262095,
                "reduction": -0.8326609217591932
            }
        },
        "1": {
            "0": {
                "design_vector": [
                    1.0071428571428571,
                    1.0153061224489792,
                    1.0153061224489792,
                    0.9510204081632649,
                    1.0153061224489797,
                    1.0153061224489797,
                    1.0153061224489792
                ],
                "objective_value": 0.06551439232643914,
                "reduction": -0.9553328991454991
            },
            "1": {
                "design_vector": [
                    1.0107142857142857,
                    1.0229591836734686,
                    1.0229591836734686,
                    0.9015306122448972,
                    1.0229591836734695,
                    1.0229591836734695,
                    1.0229591836734686
                ],
                "objective_value": 0.06601366549181317,
                "reduction": -0.20053166080898438
            }
        },
        "2": {
            "0": {
                "design_vector": [
                    1.0091836734693875,
                    1.019679300291545,
                    0.9553935860058307,
                    0.9870262390670554,
                    1.0196793002915454,
                    1.019679300291545,
                    1.019679300291545
                ],
                "objective_value": 0.06706218523617576,
                "reduction": 1.3846206292650707
            }
        },